{"cameraMode":{"drawMode":0,"name":"Shaded","section":"Shading Mode"},"sceneLighting":true,"audioPlay":false,"sceneViewState":{"m_AlwaysRefresh":false,"showFog":true,"showSkybox":true,"showFlares":true,"showImageEffects":true,"showParticleSystems":true,"showVisualEffectGraphs":true,"m_FxEnabled":true},"in2DMode":false,"pivot":{"x":3.2122933864593508,"y":-9.244550704956055,"z":16.469270706176759},"rotation":{"x":-0.12596294283866883,"y":0.012496338225901127,"z":-0.0015857733087614179,"w":-0.9919461011886597},"size":10.267207145690918,"orthographic":false}