{"cameraMode":{"drawMode":0,"name":"Shaded","section":"Shading Mode"},"sceneLighting":false,"audioPlay":false,"sceneViewState":{"m_AlwaysRefresh":false,"showFog":true,"showSkybox":true,"showFlares":true,"showImageEffects":true,"showParticleSystems":true,"showVisualEffectGraphs":true,"m_FxEnabled":true},"in2DMode":false,"pivot":{"x":-0.15242108702659608,"y":-0.7229612469673157,"z":0.14819741249084474},"rotation":{"x":-0.10316713899374008,"y":-0.09326066821813584,"z":0.009716302156448365,"w":-0.9902359247207642},"size":1.9313567876815797,"orthographic":false}